{"cameraMode":{"drawMode":0,"name":"Shaded","section":"Shading Mode"},"sceneLighting":true,"audioPlay":false,"sceneViewState":{"showFog":true,"showMaterialUpdate":false,"showSkybox":true,"showFlares":true,"showImageEffects":true,"showParticleSystems":true},"in2DMode":false,"pivot":{"x":-0.12554927170276643,"y":2.0276730060577394,"z":-1.9789574146270753},"rotation":{"x":-0.5862292647361755,"y":0.2483108937740326,"z":-0.19511401653289796,"w":-0.7460613250732422},"size":3.1991875171661379,"orthographic":false}